episode_number,name,air_date,backdrop
1,武陵蜂女,"
2022-09-19",https://p3-sign.bdxiguaimg.com/tos-cn-p-0026/8486424c2fc4f8e0102881e0fc3c2997~tpl-1_noop.webp?x-expires=1671567154&x-signature=ZLsWZYyOM0B61HmNZDSTv%2BvXW18%3D
2,市外桃源,null,https://p3-sign.bdxiguaimg.com/tos-cn-p-0026/58245ad495d3205991b83e1235b92097~tpl-1_noop.webp?x-expires=1671567154&x-signature=FdhDakEBHA3PGlYo2vU%2B34CzHNY%3D
3,家的诱惑,null,https://p3-sign.bdxiguaimg.com/tos-cn-p-0026/98d018309445f263073af9cb172332ca~tpl-1_noop.webp?x-expires=1671567154&x-signature=OdUefSwVyBQbF3sGpkn8pwl92SU%3D
4,难言之隐,null,https://p26-sign.bdxiguaimg.com/tos-cn-p-0026/53c936f88df2ecb8a913950be7c76939~tpl-1_noop.webp?x-expires=1671567154&x-signature=4tUhZrO2n4Ez9dARv4qWJ0ErLgo%3D
5,摩山隐者,null,https://p6-sign.bdxiguaimg.com/tos-cn-p-0026/46e8a4001429f82c4ff44aa2a78a9c6b~tpl-1_noop.webp?x-expires=1671567154&x-signature=2jrIXWAAJwkrxJxg1ulq6%2BUfqgY%3D
6,东岳往事,null,https://p26-sign.bdxiguaimg.com/tos-cn-p-0026/06aafabbe89e06e21ce711a6c4001f7a~tpl-1_noop.webp?x-expires=1671567154&x-signature=edIA1jAilunazMhrniJLAyc164g%3D
7,哼哈二将,null,https://p3-sign.bdxiguaimg.com/tos-cn-p-0026/fb498d4be4319cd98e64517b8a771139~tpl-1_noop.webp?x-expires=1671567154&x-signature=6eHO2FcZ9EoW9juoPHbUvFsb%2B7A%3D
8,花海点兵,null,https://p3-sign.bdxiguaimg.com/tos-cn-p-0026/71e331ee77973036401f6c78be0ea101~tpl-1_noop.webp?x-expires=1671567154&x-signature=ZaExUyXuqN2SeNTOx5XzTXg7GpM%3D
9,一社之长,null,https://p26-sign.bdxiguaimg.com/tos-cn-p-0026/471854e4c882957a8b4b746e10dc023b~tpl-1_noop.webp?x-expires=1671567154&x-signature=adDBR983RB8FOSToInKBDwWxzCE%3D
10,三月风雹,null,https://p6-sign.bdxiguaimg.com/tos-cn-p-0026/c7270b087370a074714928123aeb25f6~tpl-1_noop.webp?x-expires=1671567154&x-signature=V2rC6pWyMWer7DCitft1Urysvv4%3D
11,糊涂账本,null,https://p3-sign.bdxiguaimg.com/tos-cn-p-0026/915110bd72b408a151f7f3dbcc25e3b1~tpl-1_noop.webp?x-expires=1671567154&x-signature=Re5%2BB4J2LeZjBMDHLoWcLIFltcc%3D
12,龙总下野,null,https://p26-sign.bdxiguaimg.com/tos-cn-p-0026/5c910847dbaf509635edee00275e29ff~tpl-1_noop.webp?x-expires=1671567154&x-signature=zchH2daAcUPwa%2FG6rJXBhpwVnQQ%3D
13,新官上任,null,https://p26-sign.bdxiguaimg.com/tos-cn-p-0026/65e92b5e037b6eca14bfda4f43d20423~tpl-1_noop.webp?x-expires=1671567154&x-signature=Z5FVBJLIDJoWqUGugpEz6NI2GwQ%3D
14,英雄本色,null,https://p3-sign.bdxiguaimg.com/tos-cn-p-0026/079df6958940f21e27ea3f1d4b5c46e5~tpl-1_noop.webp?x-expires=1671567154&x-signature=vgRsRkKdP2G6cqmNW99QTWz%2Fe7Y%3D
15,人才之尬,null,https://p26-sign.bdxiguaimg.com/tos-cn-p-0026/5f31c3ed1b6fff7582a1c82ea6408894~tpl-1_noop.webp?x-expires=1671567154&x-signature=caoL5UUsvxdmZtTB9lkO42sAYFA%3D
16,喜从天降,null,https://p3-sign.bdxiguaimg.com/tos-cn-p-0026/65133e58ef2eb34bff0dd40f6aec033d~tpl-1_noop.webp?x-expires=1671567154&x-signature=grvui4F8KdGyXzKfnpeCMyKD3RI%3D
17,祸起萧墙,null,https://p26-sign.bdxiguaimg.com/tos-cn-p-0026/a0d392a5d5a1468ad31fa56e68fdd745~tpl-1_noop.webp?x-expires=1671567154&x-signature=I7erGdSY09thzVEXRUPpUlbjBKk%3D
18,浴火涅槃,null,https://p26-sign.bdxiguaimg.com/tos-cn-p-0026/7f778598f26373ebb5230f475e36f1c3~tpl-1_noop.webp?x-expires=1671567154&x-signature=6xfjB25DzxI1nbAgqf1Awc3GAKg%3D
19,乘风破土,null,https://p26-sign.bdxiguaimg.com/tos-cn-p-0026/89ff85ab142e05c4a80891f5a5b1a72e~tpl-1_noop.webp?x-expires=1671567154&x-signature=hRm3rw6EWRb6ABxi9i6zuJVrGRI%3D
20,摩山聚贤,null,https://p6-sign.bdxiguaimg.com/tos-cn-p-0026/c0143e2fe5492e50c4b455c1ebb4bcbc~tpl-1_noop.webp?x-expires=1671567154&x-signature=%2BEeNAwI2kUwirfAo3L4oeiv8SvM%3D
21,辫帅挂印,null,https://p26-sign.bdxiguaimg.com/tos-cn-p-0026/153f1fa4e6d79b4e2cd64314523fef07~tpl-1_noop.webp?x-expires=1671567154&x-signature=x7wB0pAi8FnmrxGwDpuf1qyArFE%3D
22,秦岭远征,null,https://p3-sign.bdxiguaimg.com/tos-cn-p-0026/15b5c62d4b7addc0135df7df1b310185~tpl-1_noop.webp?x-expires=1671567154&x-signature=p4O0s2sTVZ6%2BwNxVdGCj3AFzXIo%3D
23,博士上山,null,https://p3-sign.bdxiguaimg.com/tos-cn-p-0026/2e0602d394e2e120eb0ad8160c9cf9d8~tpl-1_noop.webp?x-expires=1671567154&x-signature=71tvIQhBuk4Tzjfl9Zgl9hbZZ%2FA%3D
24,英雄座次,null,https://p26-sign.bdxiguaimg.com/tos-cn-p-0026/1b791cfdebf3ceb2f2379d2e9313080a~tpl-1_noop.webp?x-expires=1671567154&x-signature=84rGCLVHBhNjyf%2F5%2F6XmGL%2F2e4A%3D
25,废墟守望,null,https://p3-sign.bdxiguaimg.com/tos-cn-p-0026/ccc9ae150a1ca2c5e7543af3dda0f481~tpl-1_noop.webp?x-expires=1671567154&x-signature=r1yr9M0XtyqDVSEIV7sDFOyAIa4%3D
26,小村烟火,null,https://p26-sign.bdxiguaimg.com/tos-cn-p-0026/6ee2e4d06fe9e15fd3a40677186a2a45~tpl-1_noop.webp?x-expires=1671567154&x-signature=xWd6lAi9KRxymlW%2BzMoSGMSOCKw%3D
27,一地鸡毛,null,https://p3-sign.bdxiguaimg.com/tos-cn-p-0026/4d514fe37d98acc1e0f413be042726e3~tpl-1_noop.webp?x-expires=1671567154&x-signature=L40uh1YQKR6rViDynjvHzS9LzFE%3D
28,大垭老炮,null,https://p3-sign.bdxiguaimg.com/tos-cn-p-0026/525fd1a66ccbbd35e25a3d3cdde37029~tpl-1_noop.webp?x-expires=1671567154&x-signature=dhV2z%2BseVA7wdqAHq5oF8LssT3E%3D
29,落魄师徒,null,https://p6-sign.bdxiguaimg.com/tos-cn-p-0026/a6d33a239872c05d5d87618e72bd2589~tpl-1_noop.webp?x-expires=1671567154&x-signature=JgZyWs49%2FLHIjXlYUaAWxdjCb2s%3D
30,特事特办,null,https://p6-sign.bdxiguaimg.com/tos-cn-p-0026/f9e62279dc41b47aa02de66c13fc0861~tpl-1_noop.webp?x-expires=1671567154&x-signature=5VuDjrSFjOMnlcM6kokI4ZVpvIw%3D
31,乡村职场,null,https://p26-sign.bdxiguaimg.com/tos-cn-p-0026/09bfecf7e1e40a68127f34af390e8276~tpl-1_noop.webp?x-expires=1671567154&x-signature=MvTj7%2BxGWpV6EZZC0j6U3Lb%2BWgk%3D
32,七爷拔剑,null,https://p3-sign.bdxiguaimg.com/tos-cn-p-0026/d8c8cdc08f618c96fa8009989d362846~tpl-1_noop.webp?x-expires=1671567154&x-signature=fqv5xXBGG5vwlxR3jfnryVCyD%2BM%3D
33,苗乡蜂会,null,https://p6-sign.bdxiguaimg.com/tos-cn-p-0026/b8bcb6f86e98eef75f5fa83f10dd662b~tpl-1_noop.webp?x-expires=1671567154&x-signature=zfnxUXtfMiRxDZOwQ4PGRLuHPEY%3D
34,人前人后,null,https://p26-sign.bdxiguaimg.com/tos-cn-p-0026/a412e57cbc7960c0aa6e6d1eb2442ebf~tpl-1_noop.webp?x-expires=1671567154&x-signature=vzSojldwDKOhcAWM%2FXoq2Bax0BA%3D
35,家在城里,null,https://p3-sign.bdxiguaimg.com/tos-cn-p-0026/0b07689fc1339f6d9d3b3703e38c6684~tpl-1_noop.webp?x-expires=1671567154&x-signature=dGaNeWv0cc72t8S0Q6%2FX5%2FdyIOQ%3D
36,无路可退,null,https://p26-sign.bdxiguaimg.com/tos-cn-p-0026/f946dbddac9ba11d5ff803b472e9c0f9~tpl-1_noop.webp?x-expires=1671567154&x-signature=a1Ju261mmQIkS7sRbOlUqpweFNA%3D
